COMPNAME,2023,2024,2025,TOTAL_3_TAHUN,TREN_24_vs_25
#1 D/G Engine,4172,4054,1171,9397,-2883
#2 D/G Engine,3980,3924,1110,9014,-2814
#1 Life Raft,3941,3799,1140,8880,-2659
#2 Life Raft,3808,3723,1146,8677,-2577
Sewage Treatment Unit,3294,3367,1024,7685,-2343
Saturday Routine,2843,3331,1015,7189,-2316
#3 D/G Engine,3219,2994,883,7096,-2111
Galley,3025,2815,837,6677,-1978
Emergency Fire Pump,2747,2972,846,6565,-2126
Radar Transponder,2773,2814,856,6443,-1958
#1 Main Air Comp.,2594,2802,825,6221,-1977
#2 Main Air Comp.,2573,2767,808,6148,-1959
Smoke Detector,2562,2489,748,5799,-1741
Gyro Repeater,2353,2275,705,5333,-1570
Emergency Generator Engine,2214,1801,535,4550,-1266
Provision Plants,1738,1690,472,3900,-1218
#2 D/G,1510,1559,473,3542,-1086
#1 D/G,1486,1543,468,3497,-1075
#3 D/G,1334,1332,400,3066,-932
Life Boat Port,1262,1336,423,3021,-913
Sludge Pump Motor,1288,1259,366,2913,-893
Life Boat Starboard,1342,1139,406,2887,-733
Oily Water Separator,1214,1193,360,2767,-833
Emg. Generator,1158,1211,328,2697,-883
Accomm. Ladder(S),1091,1080,356,2527,-724
Life Buoy,1102,1073,347,2522,-726
Accomm. Ladder(P),1078,1072,364,2514,-708
#1 Fresh Water Pump,1084,1072,323,2479,-749
Life Boat Davit Port,1061,988,296,2345,-692
Pilot Ladder(P),646,1189,482,2317,-707
Pilot Ladder(S),663,1158,453,2274,-705
#1 M/E L.O. Purifier,916,957,290,2163,-667
Life Boat Davit Stbd,967,903,281,2151,-622
Bilge Cargo holds 1 (P),868,884,338,2090,-546
"Hatches, Ports Cover",832,959,297,2088,-662
Cooling Water Test dan Treatment,786,971,295,2052,-676
#1 H.F.O. Purifier,868,901,267,2036,-634
#2 Fresh Water Pump,892,870,252,2014,-618
#1 Deck Crane,806,892,303,2001,-589
M/E F.O. 2nd Filter,833,882,246,1961,-636
#2 H.F.O. Purifier,867,839,241,1947,-598
Satellite Epirb,849,822,273,1944,-549
U-AIS Transponder,813,815,251,1879,-564
#1 Marine Radar,801,810,261,1872,-549
Life Line Throwing Apparatus,814,800,250,1864,-550
Emergency Air Compressor Motor,852,797,211,1860,-586
CO2 System,784,825,249,1858,-576
#2 Marine Radar,789,810,250,1849,-560
Portable Foam Applicator Unit,798,790,258,1846,-532
#2 Deck Crane,731,842,271,1844,-571
Electric Rudder Angle Indicator,815,777,248,1840,-529
Two-Way VHF Radio Telephone,794,787,252,1833,-535
Navtex Receiver,793,784,251,1828,-533
Emg. Escape Breathing Device,782,792,250,1824,-542
Bilge Alarm,784,791,249,1824,-542
#2 International VHF Radio Tel.,793,781,248,1822,-533
Portable CO2 Fire Extinguishers,799,770,249,1818,-521
#2 GPS ,781,784,252,1817,-532
SSB Radio Telephone,791,771,248,1810,-523
Anchor / Anchor Chain,799,765,238,1802,-527
Magnetic Reflector Compass,786,772,243,1801,-529
#1 International VHF Radio Tel.,788,758,251,1797,-507
Window Wipers,789,769,237,1795,-532
Self Contained Breathing Apparatus,777,769,243,1789,-526
Daylight Signalling Lamp,767,774,238,1779,-536
#1 GPS ,751,753,241,1745,-512
#1 Aux. Boiler Feed Water Pump Motor,759,763,213,1735,-550
#2 Aux. Boiler Feed Water Pump Motor,741,754,228,1723,-526
Bilge Separator Pump,746,743,233,1722,-510
Echo Sounder,753,733,235,1721,-498
Immersion Suits,735,744,241,1720,-503
Life Jacket with Light,744,734,232,1710,-502
Bilge Cargo holds 1 (S),649,739,310,1698,-429
Wind Indicator,734,731,225,1690,-506
Bilge Cargo holds 2 (P),645,713,316,1674,-397
Electric Clock,713,727,215,1655,-512
Group Starter Panels,718,699,227,1644,-472
30 cm Search Light,705,706,223,1634,-483
Sampling Lub Oil,671,736,225,1632,-511
Battery Emergency Generator,669,732,222,1623,-510
M/E F.O. Primary Strainer,675,714,204,1593,-510
Portable Foam Extinguishers,691,673,214,1578,-459
Bilge Cargo holds 2 (S),607,665,300,1572,-365
Charging And Discharging Panel,677,666,203,1546,-463
#1 Steering Gear,626,692,187,1505,-505
GMDSS Radio Station,709,596,183,1488,-413
#2 Steering Gear,628,673,186,1487,-487
Antenna Multi Coupler,634,631,194,1459,-437
HFO / MDO Serv and Settling Tank,631,625,194,1450,-431
Cargo Hold Water Ingress Detection,630,612,190,1432,-422
Bilge Well,647,591,181,1419,-410
Inmarsat C Mes,620,591,189,1400,-402
Boiler Water Test dan Treatment,399,746,244,1389,-502
M/E Air Cooler,605,581,197,1383,-384
Portable Foam Applicator-Car Dk,600,586,179,1365,-407
Inmarsat Fleet F77 MES,582,577,183,1342,-394
Ventilation System For Cargo,591,567,180,1338,-387
Life Boat Starboard Engine,116,907,301,1324,-606
M/E #2 F.O. Booster Pump Motor,574,583,165,1322,-418
M/E Overhead Crane,576,568,173,1317,-395
Bilge Cargo holds 3 (P),504,564,241,1309,-323
Auto Pilot,561,561,186,1308,-375
M/E #1 F.O. Booster Pump Motor,567,551,163,1281,-388
Auxiliary Air Compressor,586,540,147,1273,-393
Life Boat Engine,141,743,336,1220,-407
M/E #1 Piston and Con Rod,539,497,158,1194,-339
#3 Life Raft,506,516,140,1162,-376
Tail End Shaft Monitoring,480,526,153,1159,-373
M/E #5 Piston and Con Rod,509,487,156,1152,-331
M/E #2 Piston and Con Rod,496,505,150,1151,-355
M/E #4 Piston and Con Rod,490,519,136,1145,-383
#1 Anchor Windlass (S),273,669,197,1139,-472
Alarms and Trips,244,685,209,1138,-476
M/E #3 Piston and Con Rod,490,496,147,1133,-349
#2 Anchor Windlass (P),266,664,196,1126,-468
M/E Turbo Charger,442,505,171,1118,-334
M/E #1 Cylinder head,455,482,175,1112,-307
Unit Coolers,482,472,135,1089,-337
Bilge Cargo holds 3 (S),378,451,206,1035,-245
Cooling Water Treatment,353,509,161,1023,-348
Special Cargo Handling Equipment,439,433,136,1008,-297
M/E #6 Piston and Con Rod,416,427,120,963,-307
M/E Cyl. Oil Line Filter,408,414,127,949,-287
#1 Aux. Cool. Sea Water Pump Motor,433,393,117,943,-276
#1 Pipe Drain M/E Scav,413,408,120,941,-288
M/E #3 Cylinder head,370,425,141,936,-284
#1 Mooring winch forecastle (S),232,535,161,928,-374
M/E Remote Control Device,400,399,114,913,-285
M/E #4 Cylinder head,363,406,135,904,-271
Free fall life boat,370,419,113,902,-306
M/E #2 Cylinder head,360,383,150,893,-233
M/E #5 Cylinder head,347,391,148,886,-243
Shaft Grounding Device,391,377,115,883,-262
M/E #6 Cylinder head,352,400,129,881,-271
#3 Mooring winch Aft deck (S),215,510,148,873,-362
M/E Safety Device,385,375,106,866,-269
M/E #1 Fuel Inj. Pump,312,414,134,860,-280
D/G F.O. Backwash Filter,375,380,104,859,-276
#1 D/G Safety Device,352,385,114,851,-271
#1 D/G Turbo Charger,380,350,102,832,-248
#1 M/E L.O Cooler,363,366,89,818,-277
Control Air Drier,364,342,106,812,-236
#4 Mooring winch Aft deck (P),199,467,140,806,-327
#2 Aux. Cool. Sea Water Pump Motor,380,332,92,804,-240
#2 D/G Turbo Charger,349,352,101,802,-251
Main Sea Water Pump No.2,360,346,90,796,-256
#2 D/G Safety Device,342,345,107,794,-238
Electro Magnetic Log,358,334,98,790,-236
M/E #2 Fuel Inj. Pump,290,375,125,790,-250
M/E #5 Fuel Inj. Pump,293,361,130,784,-231
Exh. Gas Economizer,341,336,103,780,-233
#1 Cargo Hold,352,326,101,779,-225
M/E #3 Fuel Inj. Pump,288,364,127,779,-237
M/E Exhaust Gas Pipe,332,339,105,776,-234
M/E #4 Fuel Inj. Pump,289,358,127,774,-231
#2 Mooring winch forecastle  (P),192,448,134,774,-314
M/E #1 Fuel Inject Valve,331,329,110,770,-219
M/E #5 Fuel Inject Valve,330,334,104,768,-230
M/E #2 Fuel Inject Valve,333,321,111,765,-210
#2 Cargo Hold,334,325,102,761,-223
M/E #6 Fuel Inj. Pump,282,344,130,756,-214
M/E #4 Fuel Inject Valve,337,317,101,755,-216
M/E Cam Shaft w/ Drive,310,348,97,755,-251
#1H.F.O. Transfer Pump Motor,317,333,101,751,-232
D.O. Trans. Pump,326,327,98,751,-229
M/E #3 Fuel Inject Valve,316,328,98,742,-230
M/E #4 Crank Pin,319,333,86,738,-247
M/E #3 Crank Pin,317,328,87,732,-241
M/E #1 Crank Pin,312,319,99,730,-220
M/E #5 Crank Pin,317,323,88,728,-235
M/E #2 Crank Pin,309,322,93,724,-229
Main Sea Water Pump No.1,317,319,88,724,-231
Gyro Compass,173,417,123,713,-294
L.O. Transfer Pump Motor,298,319,92,709,-227
#1H.F.O. Transfer Pump,301,322,85,708,-237
M/E L.O. 2nd Strainer,316,312,79,707,-233
#1 Fresh Water Pump Motor,308,306,82,696,-224
M/E Governor,277,312,98,687,-214
M/E #6 Fuel Inject Valve,291,299,96,686,-203
M/E El. Turning Gear,302,291,92,685,-199
Cooling F.W. Expansion Tank,304,304,76,684,-228
#3 D/G Safety Device,283,305,95,683,-210
#3 D/G Turbo Charger,330,279,70,679,-209
#1 Jacket Cool. FW. Pump,275,308,91,674,-217
#1 M/E L.O. Purifier Motor,293,293,84,670,-209
Emergency Fire Pump Motor,275,306,86,667,-220
Bilge Cargo holds 4 (P),200,336,125,661,-211
Parachute Signal,289,284,88,661,-196
#3 Deck Crane,264,277,102,643,-175
Bilge and Ballast Pump Motor,271,293,77,641,-216
Air Vessel for FO Shut-Off Valve,216,316,107,639,-209
M/E #6 Crank Pin,295,262,81,638,-181
Lifeboats,29,434,174,637,-260
M/E Crankcase and Drive,239,315,83,637,-232
C/R Packaged Air Conditioner,282,273,81,636,-192
laporan bulanan,30,441,159,630,-282
Smoke Signal,275,265,82,622,-183
#1 H.F.O. Purifier Motor,259,281,81,621,-200
M/E #7 Cylinder head,232,297,89,618,-208
#4 Deck Crane,258,254,92,604,-162
#2 D/G Governor,231,295,78,604,-217
Acco Package Air Conditioner,275,252,73,600,-179
Bilge Cargo holds 4 (S),199,291,110,600,-181
E/R #2 Vent Fan,264,258,71,593,-187
M/E #1 Main Bearing,244,269,74,587,-195
M/E #5 Main Bearing,247,259,80,586,-179
M/E #2 Main Bearing,244,264,78,586,-186
E/R #1 Vent Fan,263,257,66,586,-191
M/E #3 Main Bearing,248,260,76,584,-184
#2 H.F.O. Purifier Motor,248,266,69,583,-197
Electric Freezer,250,251,79,580,-172
M/E #4 Main Bearing,244,261,74,579,-187
D.O. Trans. Pump Motor,246,258,71,575,-187
Gas Cutter ,254,248,72,574,-176
M/E #6 Main Bearing,243,257,73,573,-184
#1 D/G Governor,225,274,71,570,-203
Engine Telegraph Logger,252,246,68,566,-178
M/E #7 Fuel Inj. Pump,203,273,88,564,-185
Electric Refrigerator,239,247,76,562,-171
M/E #8 Cylinder head,201,276,84,561,-192
SOPEP,403,118,36,557,-82
M/E #3 Exhaust Valve,253,249,54,556,-195
#2 Fresh Water Pump Motor,235,245,74,554,-171
M/E #5 Exhaust Valve,254,246,50,550,-196
M/E Air Trunk,233,242,73,548,-169
Gas Detector,118,300,129,547,-171
M/E #2 Exhaust Valve,240,250,53,543,-197
#1 Radar Magnetron,219,238,76,533,-162
Bilge Separator Pump Motor,234,237,60,531,-177
M/E #4 Exhaust Valve,247,236,47,530,-189
Waste Oil Incinerator,229,235,65,529,-170
M/E #1 Exhaust Valve,240,237,48,525,-189
F.O./D.O. Pipes/Valves,230,224,71,525,-153
#3 Cargo Hold,236,217,71,524,-146
Electric Cooking Range,215,231,70,516,-161
#2 Jacket Cool. FW. Pump,223,234,59,516,-175
HRP Thruster System Port Side,393,102,18,513,-84
L.O. Pipes/Valves,223,224,65,512,-159
Emergency Switchboard,222,227,58,507,-169
Lub Oil Analys report,269,188,49,506,-139
M/E #6 Exhaust Valve,225,228,41,494,-187
M/E #7 Main Bearing,195,230,66,491,-164
Emergency Bilge Suction,213,210,65,488,-145
HRP Thruster System stb side,371,96,19,486,-77
Pedestal Drill,216,207,61,484,-146
Test Alarm and Trip,53,323,101,477,-222
Time Controller,207,205,61,473,-144
#3 D/G Governor,195,220,56,471,-164
M/E Fuel Inj. Pumps,13,353,103,469,-250
#1 Provision Crane Davit,195,202,69,466,-133
M/E #8 Fuel Inj. Pump,194,202,65,461,-137
#1 G/E L.O. Purifier,214,189,56,459,-133
Bow Thruster,205,204,47,456,-157
Air Con. Unit Fan,199,199,58,456,-141
Main Switchboard,198,203,53,454,-150
Sanitary Equipment,198,189,57,444,-132
M/E Crank Web,186,194,59,439,-135
Battery Life Boat,91,258,89,438,-169
#1 M/E Jacket Fresh Water Cooler/LT cooler,183,201,53,437,-148
M/E #2 Starting Valve,165,198,74,437,-124
M/E #3 Starting Valve,166,205,65,436,-140
Sanitary Space Exh. Fan,199,181,54,434,-127
M/E #7 Piston and Con Rod,186,193,51,430,-142
M/E #1 Starting Valve,155,205,69,429,-136
Air Line/Pipes/Valves,189,184,56,429,-128
M/E #4 Starting Valve,166,202,59,427,-143
M/E #5 Starting Valve,163,203,60,426,-143
#1 L.O. Pump Motor,182,190,53,425,-137
M/E #7 Fuel Inject Valve,184,179,57,420,-122
#2 D/G Air Cooler,185,187,47,419,-140
Water Fog Applicator,181,181,54,416,-127
 Socket Spreader Pontoon ,138,208,67,413,-141
M/E L.O Sump Tank ( C ),180,170,60,410,-110
Fire S. Pump Motor,178,180,48,406,-132
M/E #6 Starting Valve,154,194,57,405,-137
#2 L.O. Pump Motor,174,180,49,403,-131
M/E #1 Cylinder Liner,156,161,86,403,-75
#1 Aux. Boiler Feed Water Pump,172,176,53,401,-123
Air Con. Unit Condenser,186,166,49,401,-117
Standby LO Pump,17,285,97,399,-188
#2 Provision Crane ( S ),168,169,59,396,-110
D.O. Purifier,177,172,45,394,-127
#1 M/E F.O. Circ. Pump Motor,182,172,40,394,-132
#2 D/G Cooling FW Pump,158,182,52,392,-130
Auto-Exchange Telephone System,173,167,51,391,-116
#1 Purif F.O. Heater,175,173,42,390,-131
#2 Radar Magnetron,103,215,71,389,-144
#1 Main Air Vessel,166,175,47,388,-128
#1 D/G Cooling FW Pump,153,177,58,388,-119
#2 Alternator,144,181,58,383,-123
Megger Test of All Electrical Motor,174,164,45,383,-119
M/E #1 Aux. Blower,172,168,40,380,-128
Weather Facsimile Receiver,66,239,75,380,-164
#2 Main Air Vessel,168,171,41,380,-130
#2 Aux. Boiler Feed Water Pump,161,170,48,379,-122
M/E #8 Fuel Inject Valve,161,159,58,378,-101
Purifier Lub. Oil Heater,167,159,45,371,-114
M/E #2 Aux. Blower,164,168,39,371,-129
#1 Alternator,141,179,50,370,-129
Ejector Pump,162,163,44,369,-119
M/E Bearing Clearance,172,150,46,368,-104
M/E #7 Crank Pin,165,157,46,368,-111
#1 Aux. Cool. Sea Water Pump,157,162,48,367,-114
M/E #3 Cylinder Liner,169,146,52,367,-94
#2 M/E F.O.Circ Pump Motor,162,162,42,366,-120
#2 Provision Crane Davit,162,152,45,359,-107
#1 Cam Shaft Bearing,156,158,45,359,-113
Water Sterilizer,147,161,47,355,-114
Drinking Water Pump Motor,161,144,42,347,-102
Water Tight Door,140,151,53,344,-98
"MGPS, ICCP, SHAFT EARTHING",46,190,108,344,-82
M/E F.O. Viscocity Controller,148,148,48,344,-100
M/E #2 Cylinder Liner,160,133,51,344,-82
M/E #4 Cylinder Liner,156,152,34,342,-118
Fresh Water Air Pipes,152,145,45,342,-100
#2 Aux. Cool. Sea Water Pump,154,150,38,342,-112
#1 G/E Fresh Water Cooler,154,142,43,339,-99
Hot Water Circ. Pump,140,151,46,337,-105
#2 Purif F.O. Heater,151,148,38,337,-110
M/E #3 Safety Valve,146,135,56,337,-79
M/E #5 Cylinder Liner,156,141,38,335,-103
M/E Overhead Cain block,139,138,57,334,-81
M/E #8 Main Bearing,136,150,46,332,-104
#2 Cam Shaft Bearing,141,151,39,331,-112
#3 Cam Shaft Bearing,138,154,39,331,-115
#1 L.O. Sludge Tank,151,144,36,331,-108
Marine Growth Preventing System,151,138,41,330,-97
M/E #5 Safety Valve,145,133,52,330,-81
Elect. Motor E/R #1 Vent Fan,154,136,38,328,-98
M/E #4 Safety Valve,144,126,58,328,-68
M/E #2 Safety Valve,130,134,63,327,-71
M/E Oil Mist Detector,144,146,36,326,-110
#1 F.O. Sludge Tank,148,138,39,325,-99
Electric Welder,141,137,47,325,-90
Purifier Space Exh. Fan,143,138,43,324,-95
#7 Cam Shaft Bearing,140,142,40,322,-102
A/C Split Bridge,59,196,66,321,-130
M/E #1 Safety Valve,123,133,64,320,-69
S.W./F.W. Pipes/Valves,131,142,46,319,-96
#5 Cam Shaft Bearing,134,144,39,317,-105
Safety Device,33,221,62,316,-159
#4 Cam Shaft Bearing,132,143,39,314,-104
Elect. Motor E/R #2 Vent Fan,144,134,35,313,-99
M/E #6 Cylinder Liner,137,129,45,311,-84
Fuel Oil and Diesel Oil Air Pipe,136,139,35,310,-104
#6 Cam Shaft Bearing,133,139,37,309,-102
Fire/G.S.Line,129,138,41,308,-97
M/E #6 Safety Valve,130,122,55,307,-67
Electric Motor Bilge Pump,130,134,40,304,-94
A/C Split ECR,57,189,57,303,-132
A/C Split Mess Room,59,188,56,303,-132
#3 D/G Cooling FW Pump,112,137,44,293,-93
#8 Cam Shaft Bearing,125,128,39,292,-89
Ejector Pump Motor,127,129,34,290,-95
#3 Alternator,113,144,33,290,-111
A/C Split Capt Room,51,180,58,289,-122
A/C split C/E Room,45,178,64,287,-114
#2 Mooring Winch,128,117,41,286,-76
#1 Provision Crane ( P ),124,121,37,282,-84
M/E #1 Intake Valves,153,117,12,282,-105
M/E #2 Intake Valves,151,116,13,280,-103
#9 Cam Shaft Bearing,120,122,38,280,-84
M/E #4 Intaxe Valves,149,114,16,279,-98
M/E #3 Intaxe Valves,147,116,14,277,-102
M/E #7 Starting Valve,107,135,34,276,-101
M/E #5 Intaxe Valves,147,113,14,274,-99
M/E #6 Intaxe Valves,147,113,13,273,-100
M/E El. Turning Gear Motor,115,115,42,272,-73
#1 D/G Air Cooler,117,118,37,272,-81
Transformer-Emg. Use 1,119,115,33,267,-82
Stuffing Box,101,128,35,264,-93
Attach Lo pump Main engine S,103,134,26,263,-108
G/E F.O. Viscocity Controller,112,117,32,261,-85
M/E #8 Crank Pin,106,119,34,259,-85
M/E #8 Piston and Con Rod,108,122,28,258,-94
M/E #8 Starting Valve,97,123,37,257,-86
Bilge Line/Pipes/Valves,112,112,32,256,-80
M/E #1 Cyl. Lubricator,119,102,32,253,-70
C/H Bilge Non return valve 2P,115,115,21,251,-94
Fire Pump,56,151,40,247,-111
C/H Bilge Non Return Valve 1P,111,117,19,247,-98
Hot Water Circ. Pump Motor,107,106,33,246,-73
Safety Equipment Certificate,99,117,30,246,-87
Free fall life boat engine,42,146,57,245,-89
C/H Bilge Non Return Valve 1S,110,115,20,245,-95
Air Con. Plant Compressor,100,110,33,243,-77
Air Con. Unit Fan Motor,102,115,25,242,-90
M/E #7 Cylinder Liner,108,103,31,242,-72
#2 M/E L.O. Purifier,102,105,34,241,-71
C/H Bilge Non Return Valve 2S,109,110,22,241,-88
International Oil Pollution Prevention Certificate,97,118,25,240,-93
International Load Line Certificate,99,110,30,239,-80
Safety Construction Certificate,98,111,30,239,-81
Safety Radio Certificate,95,111,28,234,-83
Bilge Cargo holds 5 (P),55,135,43,233,-92
Fresh Water Generator,98,99,35,232,-64
M/E #1 Alpha Lubricator,103,95,33,231,-62
#2 D/G Lub. Oil Cooler,84,110,36,230,-74
M/E #2 Alpha Lubricator,106,93,29,228,-64
ISM. (Owner s Arrangement),95,108,25,228,-83
Air Con. Plant Compressor Motor,99,104,25,228,-79
#1 D/G Lub. Oil Cooler,83,105,38,226,-67
M/E #5 Alpha Lubricator,107,92,27,226,-65
M/E #2 Cyl. Lubricator,107,86,32,225,-54
M/E #4 Alpha Lubricator,107,91,26,224,-65
D.O. Purifier Motor,95,103,23,221,-80
Scavenging Box Drain Tank,90,96,35,221,-61
C/Shaft L.O. Strainer,97,99,25,221,-74
International Tonnage Certificate,95,104,21,220,-83
Cert. Of Compliance for Sewage Pollution Prevention,97,96,26,219,-70
Eductor System,56,113,49,218,-64
M/E #1 Aux. Blower Motor,79,115,21,215,-94
Slip Ring,63,96,55,214,-41
M/E #3 Alpha Lubricator,95,92,27,214,-65
#2 G/E F.O. Circ. Pump Motor,90,94,28,212,-66
Cooling Fresh Water Pump Attachment,61,116,32,209,-84
#4 Cargo Hold,85,95,29,209,-66
M/E #7 Safety Valve,88,87,33,208,-54
#1 G/E F.O. Circ. Pump Motor,91,91,26,208,-65
Void Space Tank,91,90,26,207,-64
Gear Box,74,102,30,206,-72
Engine Control Console,94,94,18,206,-76
#3 D/G Lub. Oil Cooler,72,100,33,205,-67
M/E #2 Aux. Blower Motor,78,107,20,205,-87
Waste Oil Tank,87,89,26,202,-63
Bilge Well No.3,95,80,26,201,-54
M/E #6 Alpha Lubricator,95,81,25,201,-56
Fire Alarm,59,103,37,199,-66
Bilge Well No.2,92,79,27,198,-52
Air Conditioning Plant,89,87,21,197,-66
M/E #8 Cylinder Liner,85,86,25,196,-61
#3 D/G Air Cooler,89,82,24,195,-58
Stuffing Box Oil Leak each Cylinder,86,85,23,194,-62
Cooling Sea Water Pump Attachment,66,100,28,194,-72
M/E #8 Safety Valve,86,77,30,193,-47
A/C Split C/O Room,38,121,34,193,-87
 #3 Main Air Comp. ,76,90,26,192,-64
Emergency Air Compressor,71,88,33,192,-55
Gear Box Pump,65,97,30,192,-67
L.O Drain Tank (P),87,82,20,189,-62
Deck Air Compressor,35,113,38,186,-75
A/C Split 2nd/E Room,36,113,36,185,-77
Main Air Distributor,58,101,26,185,-75
C/H Bilge Non Return Valve 3S,84,82,16,182,-66
Cert. Of Inspection of Crew Accomm.,78,83,18,179,-65
C/H Bilge Non Return Valve 3P,80,81,18,179,-63
Distillate Pump Motor,79,81,17,177,-64
M/E Reversing Device,74,76,24,174,-52
Fore Peak Tank ( C ),74,78,22,174,-56
M/E #9 Main Bearing,71,81,21,173,-60
Purifier Space Exh. Fan Motor,76,73,22,171,-51
F.O. Drain Tank (S),69,73,28,170,-45
DPI Perfomance,17,56,97,170,41
Engine Bow Thruster,79,72,18,169,-54
Stuffing Box L.O. Drain Tank,76,73,20,169,-53
Inmarsat C Printer 1,77,70,22,169,-48
Rescue Boat Davit,0,90,77,167,-13
Cascade Tank,67,81,17,165,-64
#3 W.B.T.(S),66,70,25,161,-45
#3 W.B.T.(P),63,73,25,161,-48
#2 Boiler Water Circ Pump Motor,65,77,16,158,-61
Steam Pipes/Valves,70,71,16,157,-55
Air Conditioner SPLIT,50,79,28,157,-51
#1 Boiler Water Circ Pump Motor,66,72,19,157,-53
#5 Con-Rod Bolts,79,53,24,156,-29
#1 M/E F.O. Circ. Pump,68,67,21,156,-46
Emergency Gen. Alternator,70,67,19,156,-48
Starting Distributor ME,59,65,32,156,-33
Public Addressor,70,68,17,155,-51
Life Boat Winch Port,59,69,25,153,-44
Flexible Couplings,58,69,25,152,-44
#2 W.B.T.(S),59,65,27,151,-38
Main Air Comp. F.W. Cooler,68,61,21,150,-40
Common Battery Telephone,68,69,13,150,-56
S-VDR,63,64,22,149,-42
GPS,58,72,19,149,-53
#2 W.B.T.(P),58,63,26,147,-37
#2 F.O. Sludge Tank,65,64,18,147,-46
#4 Con-Rod Bolts,76,49,21,146,-28
#2 M/E F.O.Circ Pump,62,64,19,145,-45
#6 Con-Rod Bolts,73,56,16,145,-40
Provision Crane,47,72,26,145,-46
#1 Con-Rod Bolts,69,51,24,144,-27
Main Engine,65,67,7,139,-60
M/E #3 Indicator Valve,61,60,18,139,-42
#3 Con-Rod Bolts,66,51,21,138,-30
M/E #6 Indicator Valve,57,55,26,138,-29
Life Boat Winch Stbd,52,63,22,137,-41
M/E #2 Indicator Valve,54,60,23,137,-37
Bilge Well No.1,60,57,19,136,-38
free fall life boat davits,23,48,64,135,16
G/E Purifier Lub.Oil Heater,59,56,20,135,-36
#2 Con-Rod Bolts,66,46,23,135,-23
M/E #1 Indicator Valve,59,52,24,135,-28
#1 G/E L.O. Purifier Motor,63,61,10,134,-51
M/E #4 Indicator Valve,57,53,23,133,-30
Ballast Pump No 1,53,62,17,132,-45
SSAS Alert Unit,58,61,13,132,-48
M/E #5 Indicator Valve,59,52,20,131,-32
Bilge Cargo holds 5 (S),21,83,27,131,-56
M/E #7 Exhaust Valve,40,67,24,131,-43
M/E Crankcase Air Breathers Pipe and Valve,40,81,10,131,-71
Rescue boat/life crane,34,71,25,130,-46
Fire Pipe Line,73,56,0,129,-56
Aux. Condenser,56,55,16,127,-39
Portable Crane,0,98,29,127,-69
M/E Turbo Charger No.2,41,63,22,126,-41
Server PMS,49,60,17,126,-43
Cargo Deck,64,49,13,126,-36
Fwd Air Whistle,58,56,12,126,-44
F.W. Hydrophore Tank,57,57,11,125,-46
Air Horn with Heater,56,57,12,125,-45
M/E #2 F.O. Booster Pump,51,56,17,124,-39
Bunker Line Pressure Testing,53,57,13,123,-44
Aft Peak Tank (C),48,57,18,123,-39
M/E #1 F.O. Booster Pump,52,55,16,123,-39
#4 W.B.T.(P),47,53,22,122,-31
Air vent head WBT 2 Stbd,55,57,9,121,-48
M/E #10 Main Bearing,46,60,15,121,-45
Fire Line pressure testing,45,56,20,121,-36
M/E Fuel Oil Heater 1,52,54,14,120,-40
M/E #1 Turbo Charger,41,51,28,120,-23
Air Vent Head WBT 2 Port,57,58,5,120,-53
Bilge Tank,55,54,11,120,-43
#2 D/G MDO Feed Pump,52,65,2,119,-63
Forced Draft Fan Motor,58,51,8,117,-43
Air Vent Head WBT 3 Stbd,55,56,5,116,-51
Fresh / Sanitary Pipes / Valves,55,52,9,116,-43
#4 W.B.T.(S),46,51,18,115,-33
Air Vent Head WBT 3 Port,54,56,4,114,-52
#1 Genset,39,60,14,113,-46
springkler system,51,48,13,112,-35
#1 D/G MDO Feed Pump,45,58,9,112,-49
Bilge Oil Tank,49,51,12,112,-39
Aux. Boiler,11,33,68,112,35
Cyl Oil Trans. Pump,32,65,14,111,-51
M/E L.O Sump Tank ( S ),45,50,15,110,-35
M/E Thrust Bearing,55,37,17,109,-20
#2 L.O. Pump for M/E / Discharge Pump,0,86,22,108,-64
#2 Main Air Comp. Motor,42,48,17,107,-31
Transformers 1,39,53,14,106,-39
Hyd. Pump Units (Deck),46,43,15,104,-28
Auxiliary Air Vessel,47,49,7,103,-42
Standby LO Pump Motor,20,56,27,103,-29
#1 W.B.T.(C),46,41,15,102,-26
Main Sea Water Pump Motor M/E No. 1,29,53,19,101,-34
Exhaust Manifold,24,54,23,101,-31
#3 F.O. Sludge Tank,43,45,13,101,-32
Wire and Sheave,50,40,11,101,-29
Air Vent Head WBT 1 Port,48,46,6,100,-40
D.W. Hydrophore Tank,44,47,9,100,-38
Fire Bilge and Ballast Pump,41,43,15,99,-28
#2 D/G L.O. Priming Pump,45,39,15,99,-24
#1 Jacket Cool. FW. Pump Motor,18,60,21,99,-39
C/H Bilge Non Return Valve 4P,44,45,10,99,-35
C/H Bilge Non Return Valve 4S,44,45,10,99,-35
M/E #3 Cross Head Bearing,52,37,10,99,-27
M/E #5 Cross Head Bearing,53,37,9,99,-28
#2 D/G Lub. Oil Pump,41,47,10,98,-37
#1 Main Air Comp. Motor,40,41,15,96,-26
Air Vent Head WBT 1 Stbd,45,44,7,96,-37
M/E #4 Cross Head Bearing,51,35,10,96,-25
Air. Cond. Cool Sea Water Pump Motor,42,44,9,95,-35
M/E #1 Cross Head Bearing,43,43,9,95,-34
#7 Con-Rod Bolts,44,40,11,95,-29
#1 D/G L.O. Priming Pump,36,42,16,94,-26
M/E Main Starting Valve,41,44,9,94,-35
M/E #2 Cross Head Bearing,47,38,9,94,-29
#2 Genset,38,47,8,93,-39
#1 L.O. Pump for M/E / Suction Pump,0,75,17,92,-58
#8 Con-Rod Bolts,40,42,10,92,-32
Battery Power DC ,17,55,20,92,-35
#1 D/G Lub. Oil Pump,38,39,14,91,-25
Fire and G.S Pump,33,41,15,89,-26
Air Vent Head SWBT 2 Stbd,40,42,6,88,-36
Air Vent Head SWBT 2 Port,39,43,5,87,-38
#5 Cargo Hold,36,38,12,86,-26
Drinking Water Pipes/Valves,39,38,8,85,-30
#3 D/G L.O. Priming Pump,37,38,10,85,-28
#3 D/G Lub. Oil Pump,40,34,11,85,-23
#3 D/G MDO Feed Pump,36,44,4,84,-40
#2 L.O. Sludge Tank,36,37,11,84,-26
Barometer,45,30,9,84,-21
HLA Cargo Tank 2S,0,51,32,83,-19
HLA Cargo Tank 2P,0,51,32,83,-19
THERMAL OIL CICULATING PUMP NO. 1,25,46,12,83,-34
Air Vent Head SWBT 3 Port,40,36,7,83,-29
THERMAL OIL CICULATING PUMP NO. 2,22,47,14,83,-33
M/E #2 Turbo Charger,38,33,11,82,-22
Air Vent Head SWBT 3 Stbd,35,39,8,82,-31
#2 G/E Fresh Water Cooler,36,35,11,82,-24
Winch,36,33,12,81,-21
M/E #1 Air Cooler,27,43,11,81,-32
Elect. Motor Sanitary Space Exh. Fan,44,30,7,81,-23
#1 G/E F.O. Circ. Pump,35,36,10,81,-26
HLA Cargo Tank 3P,0,51,29,80,-22
HLA Cargo Tank 3S,0,51,29,80,-22
Battery A/E 1,14,44,21,79,-23
Air Vent Head APT Stbd,35,38,6,79,-32
M/E Air Cooler Cleaning Pump Motor,39,32,8,79,-24
M/E Tie Rods,36,34,9,79,-25
Accommodation,39,35,4,78,-31
Air Vent Head APT Port,33,37,8,78,-29
HLA Pump Room,0,52,26,78,-26
Air Vent Head WBT 4 Port,35,39,4,78,-35
Pneumatic Manuvering System,29,25,24,78,-1
#5 W.B.T.(P),33,35,10,78,-25
Emergency Fire Pumps,27,40,11,78,-29
#2 G/E F.O. Circ. Pump,35,34,8,77,-26
M/E# 3L Piston,44,26,7,77,-19
M/E Jacket FW Warm-up Heater,39,32,5,76,-27
M/E# 1L Piston,41,26,9,76,-17
Air Vent Head SWBT 1 Stbd,36,36,4,76,-32
G/E L.O. Overflow Tank,35,33,7,75,-26
#3 G/E Fresh Water Cooler,30,34,11,75,-23
M/E# 2L Piston,41,28,6,75,-22
Attach Lo pump Main engine P,28,38,9,75,-29
Air Vent Head WBT 4 Stbd,34,37,3,74,-34
Life Boat Port Side Engine,3,40,31,74,-9
Air Vent Head SWBT 1 Port,35,36,3,74,-33
#2 L.O. Pump for M/E,74,0,0,74,0
M/E #5L Piston,42,24,7,73,-17
#4 D/G Engine,32,28,12,72,-16
Lube Oil System,35,33,4,72,-29
M/E# 4L Piston,40,26,6,72,-20
M/E #6 Cross Head Bearing,41,24,6,71,-18
#1 Camshaft L.O. Pump Motor,25,28,18,71,-10
Main Sea Water Pump Motor M/E No. 2,21,37,13,71,-24
M/E #6L Piston,36,27,8,71,-19
Air Vent Head FOT.1 Port,29,36,5,70,-31
Air Vent Head FOT.1 Stbd,30,36,4,70,-32
M/E Crankcase Relief Valves,30,26,14,70,-12
Cooling Water System,2,49,19,70,-30
#5 W.B.T.(S),30,30,9,69,-21
Transformers 2,19,36,14,69,-22
Batteries ,34,27,8,69,-19
M/E #2B Crank Pin,31,33,5,69,-28
#1 M/E L.O Pump,14,37,18,69,-19
Air Vent Head FWT Port,33,30,6,69,-24
#1 Fresh W. Tank (P),23,37,8,68,-29
Sludge Pump,29,27,12,68,-15
#1 W.B.T.(P),29,30,9,68,-21
M/E #6B Crank Pin,30,32,6,68,-26
M/E Stuffing Box Drain Pump Motor,30,29,8,67,-21
M/E Fuel Oil Heater 2,29,33,4,66,-29
M/E #5B Crank Pin,32,29,5,66,-24
#1 W.B.T.(S),26,28,12,66,-16
Air Vent Head FWT Stbd,32,29,5,66,-24
L.O. Transfer Pump,24,34,8,66,-26
M/E #1 Fuel Injector,25,27,13,65,-14
#2 M/E L.O Pump,9,37,19,65,-18
Sea Water Pump Motor for Trim,29,28,8,65,-20
#1 Fresh W. Tank (S),25,31,9,65,-22
Battery A/E 2,7,43,15,65,-28
Tank,32,24,7,63,-17
Luffing Pump No. 1,16,25,22,63,-3
M/E #4B Crank Pin,29,30,4,63,-26
#1 L.O. Pump for M/E,63,0,0,63,0
M/E #3B Crank Pin,31,26,5,62,-21
Drinking Water Hyd. Unit,29,27,6,62,-21
Air Dryers,30,24,7,61,-17
Camshaft L.O.Cooler,29,26,6,61,-20
#2 M/E LO Cooler,21,32,8,61,-24
Bilge Pump,25,27,9,61,-18
#1 Main Cool S.W Pump,15,38,8,61,-30
Slewing Pump No. 1,16,25,19,60,-6
#2 M/E L.O. Purifier Motor,29,26,5,60,-21
Hoisting Pump No. 1,16,24,20,60,-4
M/E #2 Fuel Injector,25,26,9,60,-17
Drinking Water Pump,18,32,10,60,-22
M/E #3 Cylinder Cover,33,18,9,60,-9
M/E #6 Fuel Injector,26,26,7,59,-19
M/E #1 Cylinder Cover,33,19,7,59,-12
Battery A/E 3,5,42,12,59,-30
M/E #4 Fuel Injector,26,22,10,58,-12
Air Vent Head DOT.1 Port,24,29,5,58,-24
#2 Jacket Cool. FW. Pump Motor,18,29,11,58,-18
M/E #5 Cylinder Cover,36,16,6,58,-10
M/E #3 Fuel Injector,24,25,9,58,-16
M/E #7 Indicator Valve,22,27,9,58,-18
Crankcase inspection AE I,24,26,7,57,-19
Heeling Tank (S),23,27,7,57,-20
"Fire, Bilge and G.S Pump",17,27,13,57,-14
Inmarsat C Printer 2,25,24,8,57,-16
L.O. Coolers,25,22,10,57,-12
M/E #5 Fuel Injector,23,25,9,57,-16
Fire Fighting System,28,24,5,57,-19
Fire and Bilge Pump,22,24,10,56,-14
C/H Bilge Non Return Valve 5P,27,24,5,56,-19
#2 D/G Cooling SW Pump,26,23,7,56,-16
G/E L.O. Storage Tank,21,29,5,55,-24
Air Vent Head DOT.1 Stbd,25,26,4,55,-22
M/E #2 Cylinder Cover,31,17,7,55,-10
M/E #4 Cylinder Cover,34,14,7,55,-7
Air Vent Head FPT Center,29,24,2,55,-22
F.O. Overflow Tank,19,30,6,55,-24
L.O. Storage Tank,22,28,5,55,-23
Emergency Gen. Set,0,39,15,54,-24
C/H Bilge Non Return Valve 5S,26,24,4,54,-20
M/E #6 Cylinder Cover,30,15,8,53,-7
Stuffing Box #1,27,18,8,53,-10
Stuffing box #3,17,31,5,53,-26
Stuffing Box #5,28,20,5,53,-15
Heavy Oil Settling Tank,17,28,8,53,-20
M/E #1B Crank Pin,25,24,4,53,-20
D.O. Service Tank,26,20,7,53,-13
#1 D/G Cooling SW Pump,22,26,4,52,-22
Heeling Tank (P),22,24,6,52,-18
Stuffing Box Oil Leak #1,17,26,9,52,-17
#2 Camshaft L.O. Pump Motor,23,22,6,51,-16
Setting cyl oil,19,24,8,51,-16
Stuffing Box #2,21,25,5,51,-20
#2 Main Cool S.W Pump,11,33,7,51,-26
L.O. Purifier Heaters,17,23,10,50,-13
Stern Tube L.O Pump No. 1,8,31,11,50,-20
Rubber Hose,24,21,5,50,-16
CPP Remote Control System,23,21,5,49,-16
Heavy Oil Service Tank,16,27,6,49,-21
A/C Split ECR Port,5,32,12,49,-20
Cam 2B,4,38,7,49,-31
Crankcase Inspection AE II,18,23,8,49,-15
Stern Tube L.O Pump No. 2,8,30,10,48,-20
Vibration Damper,24,20,4,48,-16
Cyl Oil Trans. Pump Motor,17,24,7,48,-17
#2 Void Space Tank (P) ,18,23,7,48,-16
#1 Void Space Tank (P) ,19,22,6,47,-16
E/R #3 Vent Fan,20,21,6,47,-15
Cam 5B,3,37,7,47,-30
#2 Void Space Tank (S) ,18,22,7,47,-15
M/E #1 Piston,20,20,6,46,-14
M/E #3 Piston,18,20,8,46,-12
Marine Radars,15,23,8,46,-15
#1 Void Space Tank (S) ,19,21,6,46,-15
M/E #8 Indicator Valve,19,19,8,46,-11
M/E #2 Piston,20,19,7,46,-12
#2 S.W.B.T.(P),18,20,7,45,-13
HLA Cargo Tank No.1C,0,31,14,45,-17
Air Vent Head APT Center,21,19,5,45,-14
Hyd. Oil. Cyl. and Locking Pin,19,23,3,45,-20
HLA Slop Tank,0,30,14,44,-16
M/E #4 Piston,22,16,6,44,-10
M/E #8 Exhaust Valve,20,20,3,43,-17
Air Vent Head SWBT 4 Stbd,18,22,3,43,-19
#2 S.W.B.T.(S),17,21,5,43,-16
Main Pump No. 2,13,24,6,43,-18
A/C Split ECR Starboard,5,28,10,43,-18
Cam 4A,4,32,7,43,-25
#6 CamShaft  Bearing,21,15,6,42,-9
Control Stand and Limit Switch,22,15,5,42,-10
Cam 2A,4,31,7,42,-24
#1 D/G Crankcase Relief Valves,21,15,5,41,-10
Stuffing Box #4,16,21,4,41,-17
#3 CamShaft  Bearing,20,16,5,41,-11
Main Pump No. 1,12,21,8,41,-13
Cam 1B,4,30,7,41,-23
Cam 1A,4,30,7,41,-23
Cam 4B,4,30,7,41,-23
Air Vent Head SWBT 4 Port,18,21,2,41,-19
#1 Windlass Hyd. Pump,20,15,6,41,-9
Cam 3B,3,30,8,41,-22
Cam 3A,3,31,7,41,-24
Cam 5A,4,30,7,41,-23
Cam 6B,4,30,7,41,-23
Sea Water Service Pump,17,21,3,41,-18
M/E #3 Cyl. Lubricator,20,18,3,41,-15
#2 Windlass Hyd. Pump,18,17,6,41,-11
Cam 6A,4,30,7,41,-23
D.O. Settling Tank,12,23,6,41,-17
#3 Void Space Tank (P),16,19,6,41,-13
#5 CamShaft  Bearing,20,14,6,40,-8
A/C Split Bridge Starboard,2,25,13,40,-12
Oil Burning Equipment,0,28,12,40,-16
#1 CamShaft  Bearing,19,14,7,40,-7
#1 Mooring Winch ,18,17,5,40,-12
E/R #4 Vent Fan,19,17,4,40,-13
#1 S.W.B.T.(P),17,20,3,40,-17
#4 CamShaft  Bearing,20,14,6,40,-8
M/E #5 Piston,16,20,4,40,-16
#2 CamShaft  Bearing,19,15,6,40,-9
F.O./D.O. Purifier Heaters,19,18,3,40,-15
#3 Void Space Tank (S),16,19,5,40,-14
Air Vent Head FPT Port,19,19,2,40,-17
M/E Cyl. Lubricators,13,24,3,40,-21
Air Cooler Chemical Cleaning Tank,18,18,4,40,-14
Transformer-Emg. Use 2,14,19,6,39,-13
M/E #6B Fuel Inject Valve,20,14,5,39,-9
HLA Cargo Tank 1P,0,23,16,39,-7
Ballast Air Pipes,16,16,7,39,-9
Report Overhaul by Workshop,20,10,9,39,-1
#1 Windlass Hyd. Motor,16,16,7,39,-9
M/E #6 Piston,17,18,4,39,-14
#2 D/G Crankcase Relief Valves,20,14,5,39,-9
#1 M/E L.O Pump Motor,13,19,7,39,-12
Stuffing Box #6,13,22,4,39,-18
#3 D/G Crankcase Relief Valves,23,9,6,38,-3
#1 S.W.B.T.(S),16,18,4,38,-14
#1 S/T L.O Pump Motor,11,21,6,38,-15
#7 CamShaft  Bearing,19,14,5,38,-9
HLA Cargo Tank 1S ,0,23,15,38,-8
M/E #5B Fuel Inject Valve,21,12,4,37,-8
#2 S/T L.O Pump Motor,12,19,6,37,-13
Fire S. Pump,16,15,6,37,-9
Crankcase Inspection AE III,16,17,4,37,-13
M/E #2B Fuel Inject Valve,18,14,4,36,-10
Air Vent Head WBT 5 Stbd,17,17,2,36,-15
#1 G/E L.O. Sump Tank,9,25,2,36,-23
M/E L.O Sump Tank ( P ),10,23,3,36,-20
Main Mast ,16,16,4,36,-12
Wash Oil Tank,16,16,4,36,-12
M/E #4B Fuel Inject Valve,18,14,4,36,-10
FW SANITARY PUMP NO.1,13,18,4,35,-14
#8 CamShaft  Bearing,17,14,4,35,-10
Ballast Pump No 2,12,21,2,35,-19
M/E #1B Fuel Inject Valve,18,13,4,35,-9
M/E Hold. Down Bolts,12,20,3,35,-17
F.O./D.O. Heaters,16,16,3,35,-13
Air. Cond. Cool Sea Water Pump,14,18,3,35,-15
A/C Split Bridge Port,1,22,11,34,-11
M/E #3B Cylinder Head,12,15,7,34,-8
M/E #4B Cylinder Head,12,14,8,34,-6
#2 Windlass Hyd. Motor,16,12,6,34,-6
Air Compressors,13,15,6,34,-9
#3 S.W.B.T.(S),15,16,3,34,-13
Calorifier,16,16,2,34,-14
#4 T.S.T (S),13,15,6,34,-9
Ballast Line Pressure Testing,11,19,3,33,-16
#9 CamShaft  Bearing,16,12,5,33,-7
M/E #1B Cylinder Head,13,10,10,33,0
#4 T.S.T (P),13,16,4,33,-12
#3 S.W.B.T.(P),14,15,4,33,-11
Cargo Tank No.3P,1,20,12,33,-8
M/E #5B Cylinder Head,10,12,11,33,-1
Aft Peak Tank (P),13,18,2,33,-16
Cargo Tank No.3S,1,20,12,33,-8
#2 M/E L.O Pump Motor,12,16,5,33,-11
#1 CPP L.O. Pump Motor,16,13,4,33,-9
#1 T.S.T. (S),12,15,5,32,-10
#2 CPP L.O. Pump Motor,14,14,4,32,-10
M/E #7 Cross Head Bearing,20,12,0,32,-12
#2 T.S.T (P),11,16,5,32,-11
#2 G/E L.O. Sump Tank,9,23,0,32,-23
Air Vent Head WBT 5 Port,15,14,3,32,-11
#5 T.S.T (P),13,14,5,32,-9
Air Vent Head FPT Stbd,15,15,2,32,-13
M/E #8 Cylinder Cover,17,11,3,31,-8
Oil Valve,16,12,3,31,-9
#1 T.S.T. (P),13,13,5,31,-8
#3 Main Cool S.W Pump,6,21,4,31,-17
Stern Seal Aft,6,20,5,31,-15
Cargo tank No.2S,1,20,10,31,-10
Main Particulars,15,12,4,31,-8
#3 T.S.T (P),12,15,4,31,-11
#2 H.F.O Transfer pump Motor ,13,13,5,31,-8
#2 T.S.T. (S),11,15,5,31,-10
L.O. Settling Tank,15,11,5,31,-6
#1 Camshaft L.O. Pump,12,16,3,31,-13
Sea Water Service Pump Motor,10,19,2,31,-17
Life Raft Davit - Port,0,18,13,31,-5
#3 T.S.T (S),12,15,4,31,-11
M/E #3B Fuel Inject Valve,17,10,4,31,-6
"Insulation, Panels, Doors",10,15,5,30,-10
Stern Seal Fwd,7,19,4,30,-15
M/E #8 Fuel Injector,12,12,6,30,-6
Compressed Air System,11,14,5,30,-9
Con-Rod Bolts,9,17,4,30,-13
M/E #2B Cylinder Head,9,13,8,30,-5
#1 G/E F.O Booster pump motor,9,15,6,30,-9
Cyl. Oil Storage Tank,11,17,2,30,-15
Cargo Tank No. 2P,1,19,10,30,-9
#2 G/E F.O Booster pump motor,9,16,4,29,-12
#2 Camshaft L.O. Pump,11,14,4,29,-10
#5 T.S.T (S),11,12,6,29,-6
Elect. Motor E/R #3 Vent Fan,13,12,4,29,-8
#3 G/E L.O. Sump Tank,9,19,1,29,-18
M/E #2B Fuel Inj. Pump,12,8,9,29,1
F.W. Pumps,8,14,7,29,-7
M/E #6B Cylinder Head,8,11,10,29,-1
#6 W.B.T.(P),11,14,4,29,-10
M/E #2 Air Cooler,8,17,4,29,-13
#1 F.O. Tank (P),10,16,2,28,-14
#1 F.O. Tank (S),11,14,3,28,-11
Aft Peak Tank (S),10,16,2,28,-14
M/E #7 Cylinder Cover,16,9,3,28,-6
#4 Void Space Tank (P),10,14,4,28,-10
Air vent Head WBT 1 C,14,13,1,28,-12
#3 Marine Radar,12,12,4,28,-8
#4 Void Space Tank (S),10,13,4,27,-9
Air Vent Head Heeling Tank Port,13,12,2,27,-10
M/E #7 Fuel Injector,11,12,4,27,-8
#2 H.F O Transfer pump,12,11,4,27,-7
Stern Tube Cooling Water Tank,10,13,4,27,-9
M/E #4B Fuel Inj. Pump,11,10,6,27,-4
AC Deck Office,0,17,10,27,-7
#6 Cargo Hold,12,12,3,27,-9
#4 S.W.B.T.(P),12,12,3,27,-9
Windlasses,11,12,4,27,-8
A/C Split 3rd/E Room,1,19,7,27,-12
Air Vent Head FOT.2 Stbd,8,15,4,27,-11
Thermal Oil Pump #1,2,8,16,26,8
Alpha Lubricator System,13,10,3,26,-7
Slewing Bearing,15,9,2,26,-7
Air Vent Head Heeling Tank stbd,12,12,2,26,-10
#2 Windlass Electro Motor,10,11,5,26,-6
Propeller (CPP) / Fix Propeller,9,16,1,26,-15
#3 International VHF Radio Tel.,11,11,4,26,-7
#4 S.W.B.T.(S),10,13,3,26,-10
L.O Sludge Tank,12,12,2,26,-10
#7 Cargo Hold,12,11,3,26,-8
Air Vent Head Deep TK. C,13,12,0,25,-12
SART,6,12,7,25,-5
A/C Split 2nd/O Room,1,16,8,25,-8
FW SANITARY PUMP NO.2,9,13,3,25,-10
Cooling Fresh Water Pump Attachment ME 2,8,14,3,25,-11
Propeller Shaft,5,16,4,25,-12
Hoisting Pump No. 2,9,12,4,25,-8
#1 Windlass Electro Motor,11,11,3,25,-8
#2 F.O. Tank (S),10,13,2,25,-11
M/E #3B Fuel Inj. Pump,11,7,7,25,0
M/E #6B Fuel Inj. Pump,11,10,3,24,-7
A/C Split 4th/E Room,1,18,5,24,-13
Cyl. Oil Measuring Tank,13,10,1,24,-9
#4 F.O. Tank (S),12,12,0,24,-12
Observation Tank,10,12,2,24,-10
#1 G/E L.O. Settling Tank,11,9,3,23,-6
A/C Split 3rd/O Room,1,16,6,23,-10
Stern Tube L.O Pump Motor No.2,6,14,3,23,-11
Main sea chest,0,10,13,23,3
#4 F.O. Tank (P),10,12,1,23,-11
L.O. Filters,6,14,3,23,-11
Fresh Water Pumps,9,10,4,23,-6
M/E #5B Fuel Inj. Pump,12,8,2,22,-6
Fire Extinguising System,8,10,4,22,-6
M/E#1L Cylinder Head,13,5,4,22,-1
Air Vent Head FOT.2 Port,7,12,3,22,-9
#1 F.O. Tank (C),13,6,3,22,-3
Mooring Winches,13,6,3,22,-3
Steering Hyd Pump No.2,3,7,12,22,5
Elect. Motor E/R #4 Vent Fan,11,8,3,22,-5
Pony Motor,4,13,5,22,-8
#5 S.W.B.T.(P),9,10,3,22,-7
A/C Split #1 Oiler Room,1,17,4,22,-13
M/E #1B Fuel Inj. Pump,10,9,3,22,-6
Hinge Assembly,10,10,2,22,-8
Stern Tube L.O Pump Motor No.1,6,14,2,22,-12
Steering Hyd Pump No.1,4,6,11,21,5
M/E #2B Cylinder Liner,8,12,1,21,-11
Distillate Pump,3,14,4,21,-10
#2 F.O. Tank (C),13,6,2,21,-4
#2 F.O. Tank (P),9,11,1,21,-10
Thermal Oil Pump #2,1,6,14,21,8
#1 M/E L.O. Purifier Supply Pump Motor,6,11,4,21,-7
#5 S.W.B.T.(S),8,11,2,21,-9
#1 D/G Camshaft and Timing Gears,1,15,5,21,-10
L.O. Daily Tank,9,11,1,21,-10
Cooling Water Evaluation Report,6,12,3,21,-9
Steering Electric Motor Pump No.1,1,5,14,20,9
A/C Split #1 A/B Room,1,15,4,20,-11
#6 W.B.T.(S),9,9,2,20,-7
Steering Electric Motor Pump No.2,3,5,12,20,7
A/C Split Electricen Room,1,15,4,20,-11
Air Vent Head WBT 6 Port,12,8,0,20,-8
L.O.S.T.,8,9,3,20,-6
M/E #3B Cylinder Liner,10,9,0,19,-9
#3 GPS,5,10,4,19,-6
L O.STOR.T,7,8,4,19,-4
F.O. Save-all Tank,8,9,2,19,-7
F.O. Drain Tank,9,8,2,19,-6
M/E #4B Cylinder Liner,8,9,2,19,-7
Machinery Class Certificate ( Sert. Klass Mesin ),0,15,3,18,-12
Gearbox Pump,7,7,4,18,-3
Cargo Tank No. 1C,1,11,6,18,-5
Air Vent Head Void 2 Port,10,6,2,18,-4
#1 G/E L.O. Purifier Supply Pump Motor,6,9,3,18,-6
Air Vent Head Void 1 Port,10,6,2,18,-4
S/T LO.T,9,7,2,18,-5
Shaft Generator,8,8,2,18,-6
Air Vent Head Void 1 Stbd,10,6,2,18,-4
Interm. Shaft/Bearings,7,6,5,18,-1
#2 Boiler Water Circ Pump,7,9,1,17,-8
M/E #5B Cylinder Liner,7,6,4,17,-2
#3 F.O. Tank (P),9,7,1,17,-6
#3 F.O. Tank (S),9,7,1,17,-6
Minimum Safe Manning Certificate,2,12,3,17,-9
S.W. Pumps,5,9,3,17,-6
L.O Dirty Tank,7,7,3,17,-4
ME#5L Fuel Injector,6,9,2,17,-7
ME#5R Fuel Injector,5,10,2,17,-8
ME#4L Fuel Injector,6,9,2,17,-7
ME#3L Fuel Injector,6,9,2,17,-7
LT FW Pump no 1,2,14,1,17,-13
LT FW Pump no 2,4,12,1,17,-11
Camshaft L.O. Tank,6,10,1,17,-9
ME#2L Fuel Injector,6,9,2,17,-7
M/E #1B Cylinder Liner,10,4,3,17,-1
Air Vent Head Void 2 Stbd,9,6,2,17,-4
Bunker Davit - P,0,8,9,17,1
Bunker Davit - S,0,8,9,17,1
B.SLT.T,8,7,2,17,-5
fuel oil pipe lines,7,8,2,17,-6
"Fire, Bilge and Ballast Pump",4,11,1,16,-10
M/E#6R Cylinder Head,6,8,2,16,-6
Air Vent Head Void 3 Port,8,5,3,16,-2
Air Vent Head Void 3 Stbd,8,5,3,16,-2
Air vent crankcase,0,11,5,16,-6
M/E#5R Cylinder Head,6,8,2,16,-6
ME#4R Fuel Injector,5,9,2,16,-7
M/E #6B Cylinder Liner,3,10,3,16,-7
Stuffing Box #7,9,7,0,16,-7
#1 Boiler Water Circ Pump,7,9,0,16,-9
F.O. Service Tank,7,8,1,16,-7
F.O. Settling Tank,7,8,1,16,-7
ME#6R Fuel Injector,5,9,2,16,-7
ME#3R Fuel Injector,5,9,2,16,-7
LO Cooler Gear BOx P,0,0,16,16,16
ME#6L Fuel Injector,5,9,2,16,-7
LO Cooler Gear Box S,0,0,16,16,16
M/E#1R Cylinder Head,5,8,3,16,-5
ME#1R Fuel Injector,5,9,2,16,-7
ME#2R Fuel Injector,5,9,2,16,-7
#2 D/G Camshaft and Timing Gears,1,10,4,15,-6
Cargo Tank No. 1P,0,10,5,15,-5
Cargo Tank No. 1S,0,10,5,15,-5
M/E#3R Cylinder Head,5,8,2,15,-6
#1 G/E L.O. Purifier Supply Pump,7,7,1,15,-6
#2 Fresh W. Tank (S),5,7,3,15,-4
CPP Lubr. Oil Cooler,7,6,2,15,-4
M/E Lo Storage Tank,6,6,3,15,-3
battery power DC anjungan,1,8,6,15,-2
Cooling Sea Water Pump Attachment  ME 2,6,7,2,15,-5
#2 Void Space Tank,6,8,1,15,-7
#2 W.B.T.(C),7,6,2,15,-4
M/E#4R Cylinder Head,5,7,2,14,-5
M/E#4L Cylinder Head,7,5,2,14,-3
"Ventilation, Air Conditioning System",10,1,3,14,2
#2 Fresh W. Tank (P),4,7,3,14,-4
NO.1 DWB.TK (P),5,7,2,14,-5
#3 D/G Camshaft and Timing Gears,0,12,2,14,-10
#3 Deck Crane Luffing Gear Box,0,1,13,14,12
#1 M/E L.O. Purifier Supply Pump,5,7,2,14,-5
#5 Void Space Tank (S),6,6,2,14,-4
SC.B.D.T,6,6,2,14,-4
ST.B.L.O.T,6,6,2,14,-4
#5 Void Space Tank (P),6,6,2,14,-4
D.O. Tank (P),8,5,1,14,-4
NO.4 DWB.TK (P),4,6,4,14,-2
A/E Lo Storage tank,5,6,3,14,-3
LO Cooler Gear Box,0,0,14,14,14
M/E#2L Cylinder Head,6,5,2,13,-3
A/C Split #3 A/B Room,0,10,3,13,-7
M/E #4B Safety Valve,6,4,3,13,-1
NO.1 DWB.TK (S),5,5,3,13,-2
M/E #6B Safety Valve,4,4,5,13,1
Attached LO Pump,2,8,3,13,-5
Air Vent Head F BWT Port,8,5,0,13,-5
B.SLU.T,6,6,1,13,-5
MDO SUPPLY PUMP NO.2,6,5,2,13,-3
M/E Lo settlink tank,5,6,2,13,-4
M/E#3L Cylinder Head,6,5,2,13,-3
Air Vent Head WBT 6 stb,7,6,0,13,-6
NO.2 DWB.TK (P),5,6,2,13,-4
D.O. Tank (S),7,5,1,13,-4
#3 Void Space Tank,6,6,1,13,-5
#1 Void Space Tank,6,6,1,13,-5
A/C Split #2 A/B Room,0,9,3,12,-6
NO.4 DWB.TK (S),4,5,3,12,-2
M/E#6L Cylinder Head,5,5,2,12,-3
NO.3 DWB.TK (S),4,5,3,12,-2
NO.3 DWB.TK (P),4,5,3,12,-2
Top-Up Air Compressor,0,7,5,12,-2
#1 Deck Crane Hoist Gear Box,0,0,12,12,12
Battery ME,3,6,3,12,-3
Hydraulic Motor,3,9,0,12,-9
Hull Classification ( Sert. Klass Lambung ),1,9,2,12,-7
Air Vent Head F WBT Port,7,5,0,12,-5
NO.5 DWB.TK (S),4,5,3,12,-2
NO.5 DWB.TK (P),4,5,3,12,-2
Air Vent Head F WBT stb,7,5,0,12,-5
A/C Split Bostwain Room,0,9,3,12,-6
A/C Split #3 Oiler Room,0,9,3,12,-6
A/C Split #2 Oiler Room,0,9,3,12,-6
#2 Waste Oil Tank,6,6,0,12,-6
#1 Main Cool S.W Motor,4,7,1,12,-6
M/E Turbo Charger no 1,7,2,2,11,0
#3 D/G Cooling SW Pump,6,4,1,11,-3
#2 Main Cool S.W Motor,4,6,1,11,-5
M/E #8 Piston,6,4,1,11,-3
 M/E #1B Crank Pin,4,5,2,11,-3
#2 Genset Air Cooler,5,4,2,11,-2
#8 W.B.T.(S),3,5,3,11,-2
Air Vent Head F BWT Stbd,6,4,1,11,-3
#9 W.B.T.(P),3,5,3,11,-2
Auxiliary Air Comp. Motor,2,6,3,11,-3
#10 W.B.T.(S),3,5,3,11,-2
MDO SUPPLY PUMP NO.1,5,5,1,11,-4
M/E#5L Cylinder Head,4,5,2,11,-3
#10 W.B.T.(P),3,5,3,11,-2
#2 Deck Crane Luffing Gear Box,0,2,9,11,7
NO.2 DWB.TK (S),4,4,3,11,-1
Grinder,3,5,3,11,-2
#9 W.B.T.(S),3,5,3,11,-2
M/E#2R Cylinder Head,6,3,2,11,-1
#4 D/G Governor,3,7,1,11,-6
Port Side Ramp Way,6,4,1,11,-3
M/E #7 Piston,4,4,2,10,-2
#2 G/E L.O. Settling Tank,4,5,1,10,-4
Hoisting Piston Motor Variable,9,1,0,10,-1
M/E #5 Cyl. Lubricator,4,4,2,10,-2
#1 Genset Turbo Charger,3,7,0,10,-7
LT FW Harbour Pump,4,5,1,10,-4
#8 W.B.T.(P),3,5,2,10,-3
M/E #4 Cyl. Lubricator,3,5,2,10,-3
#7 W.B.T.(P),3,5,2,10,-3
JACKET COOLING FW EXPANSION TK,6,2,2,10,0
#11 W.B.T.(P),3,4,3,10,-1
Battery Genset 2,3,4,3,10,-1
#11 W.B.T.(S),3,4,3,10,-1
M/E #1B Indicator Valve,6,3,1,10,-2
Battery Genset 1,3,3,4,10,1
Fresh Water Transfer Pump Motor,3,6,1,10,-5
M/E #1B Safety Valve,5,3,2,10,-1
Bilge Hold Tank,4,4,2,10,-2
#01B Con-Rod Bolts,1,5,4,10,-1
Hyd.Pump Hoist Vane IHI,0,2,8,10,6
M/E #5B Safety Valve,4,2,4,10,2
Fresh Water Transfer Pump,3,4,2,9,-2
#1 Deck Crane Luffing Gear Box,0,1,8,9,7
ME#1L Cylinder Liner,6,0,3,9,3
B.T,4,4,1,9,-3
Galley Package Air Conditioner,1,6,2,9,-4
#2B Con-Rod Bolts,0,4,5,9,1
#1 Mooring Winch Electro Motor,3,4,2,9,-2
rudder stock,1,7,1,9,-6
M/E#1L Fuel Injector,5,3,1,9,-2
M/E #3B Safety Valve,3,4,2,9,-2
ME#1L Fuel Injector,3,5,1,9,-4
#4B Con-Rod Bolts,2,5,2,9,-3
Electric Distribution System,4,5,0,9,-5
M/E #2B Safety Valve,4,3,2,9,-1
#5 Void Space Tank,4,4,1,9,-3
#4 Void Space Tank,4,4,1,9,-3
F.O./D.O. Pumps,4,4,1,9,-3
"Deck Covering, Ladders, Railing",3,5,1,9,-4
NO.6 DWB.TK (P),4,5,0,9,-5
#2 W.B.T.(S)(up),3,3,3,9,0
Synchronous Motor,2,6,1,9,-5
#3 F.O. Tank (C),5,4,0,9,-4
#7 W.B.T.(S),3,5,1,9,-4
M/E #2B Indicator Valve,4,5,0,9,-5
D.O. Storage Tank,3,2,4,9,2
#3B Con-Rod Bolts,1,5,2,8,-3
Stern Ramp,4,4,0,8,-4
NO.6 SWB.TK (P),4,4,0,8,-4
PCC CARGO EQUIP,2,4,2,8,-2
#1 Wndlass Hyd. Winch,4,3,1,8,-2
Ballast Pump,0,7,1,8,-6
CYLO.STOR.T 2,3,3,2,8,-1
DPI Performance,2,5,1,8,-4
LT FW PUMP No. 3,0,7,1,8,-6
#5B Con-Rod Bolts,1,4,3,8,-1
CYLO.STOR.T 1,3,3,2,8,-1
#6 S.W.B.T.(P),4,4,0,8,-4
#6B Con-Rod Bolts,1,4,3,8,-1
#6 S.W.B.T.(S),4,4,0,8,-4
NO.6 DWB.TK (S),4,4,0,8,-4
M/E #5B Indicator Valve,4,2,2,8,0
Hyd.Pump Luff.Slew Vane IHI,0,2,6,8,4
Exhaust Fan Motor,3,4,1,8,-3
NO.6 SWB.TK (S),4,4,0,8,-4
M/E #4B Indicator Valve,4,3,1,8,-2
M/E #4B Cylinder head,5,2,1,8,-1
Vent Fans,4,4,0,8,-4
#2 W.B.T.(P)(up),2,3,3,8,0
Surat laut ( Certificate of Regystry ),2,6,0,8,-6
BILGE TK,3,2,2,7,0
Void Space Tank (1P),4,3,0,7,-3
Actuator,1,6,0,7,-6
#1 Cross Head L.O Pump Motor,3,4,0,7,-4
Provision Plant no 1,3,4,0,7,-4
Slewing Piston Motor Fixed 1,6,1,0,7,-1
F.S.W.B (P),2,2,3,7,1
M/E #6 Cyl. Lubricator,2,4,1,7,-3
Hyd.Motor Hoist Vane IHI,0,4,3,7,-1
#2 Genset Radiator,3,3,1,7,-2
Prov Store Exh Fan Motor,3,3,1,7,-2
#1 STERN W.B.T.(S),2,3,2,7,-1
#1 STERN W.B.T.(P),2,3,2,7,-1
#1 ME F.O Supply Pump,2,3,2,7,-1
#1 Genset Radiator,3,3,1,7,-2
Void Space Tank (1S),4,3,0,7,-3
Void Space Tank (2P),3,3,1,7,-2
propeller,0,7,0,7,-7
Void Space Tank (2S),3,3,1,7,-2
Void Space Tank (3P),3,3,1,7,-2
Void Space Tank (3S),4,3,0,7,-3
Void Space Tank (4P),3,3,1,7,-2
Void Space Tank (4S),4,3,0,7,-3
#1 Main Engine Jacket Cool F.W Pump,2,4,0,6,-4
M/E #8 Cross Head Bearing,3,2,1,6,-1
sea chest,0,0,6,6,6
#2 STERN W.B.T.(S),2,2,2,6,0
M/E #6B Indicator Valve,3,2,1,6,-1
#2 STERN W.B.T.(P),2,2,2,6,0
F.S.W.B (S),2,2,2,6,0
M/E #6B Cylinder head,3,1,2,6,1
#3 Mooring Winch ,3,3,0,6,-3
M/E Turbo Charger no 2,3,1,2,6,1
#3 Wing Tank (S),1,1,4,6,3
#2 Wing Tank (P),1,1,4,6,3
CPP L.O. Storage Tank,2,4,0,6,-4
ME#2R Cylinder Head,0,5,1,6,-4
Car Deck Bilge Well Non Return Valve Aft.P,4,2,0,6,-2
Car Deck Bilge Well Non Return Valve Aft.S,4,2,0,6,-2
Tk no 803/cool water drain tk DB P,2,2,2,6,0
Forced Draft Fan,5,0,1,6,1
BILGE SLUDGE TK,3,1,2,6,1
Air Vent Head SWBT 5 port,1,1,4,6,3
M/E #3B Indicator Valve,3,3,0,6,-3
Main AIr Compressor #1 ,3,2,1,6,-1
#2 Cross Head L.O Pump Motor,2,3,1,6,-2
CYLO.STOR.T,2,3,1,6,-2
Slewing Piston Motor Fixed 2,6,0,0,6,0
Stern Tube,1,5,0,6,-5
#2 Genset Turbo Charger,2,3,0,5,-3
#2 Wing Tank (S),1,0,4,5,4
#4 D/G Safety Device,2,2,1,5,-1
Machine Tools,2,2,1,5,-1
Dangerous Cargo Cerfificate ( Sert. Muat Barang Berbahaya ),1,4,0,5,-4
FRESH WATER PRESSURE TK,3,1,1,5,0
FUEL OIL SLUDGE TK,3,1,1,5,0
Heeling Tank 3 (S),3,2,0,5,-2
DRINKING WATER PRESSURE TK,3,1,1,5,0
#3 Wing Tank (P),1,1,3,5,2
M/E Stuffing Box Drain Pump,2,3,0,5,-3
Heeling Tank 3 (P),3,2,0,5,-2
WASTE OIL TK,3,1,1,5,0
incinerator,0,3,2,5,-1
M/E Exhaust Valves,2,3,0,5,-3
M/E Cylinder Covers,2,2,1,5,-1
SCAVING BOX DRAIN OIL TK,3,1,1,5,0
#5 F.O. Tank (S),2,3,0,5,-3
CPP L.O. Tank,3,2,0,5,-2
Tk no 807 /Bilge water tank DB S,2,2,1,5,-1
M/E #2B Cylinder head,3,1,1,5,0
ME#1R Cylinder Liner,4,0,1,5,1
ME#2L Cylinder Liner,4,0,1,5,1
CYL OIL STORAGE TK,3,1,1,5,0
CYL OIL MEASURING TK,3,1,1,5,0
CASCADE TK,3,1,1,5,0
M/E #1B Cylinder head,3,0,2,5,2
ME LUB OIL SETLINK TK,3,1,1,5,0
ME LUB OIL STORAGE T,3,1,1,5,0
Air Vent Head Deep Tank. C,2,2,1,5,-1
Ballast Tanks,2,2,1,5,-1
Bilge and G.S Pump,0,4,1,5,-3
Tk no 805/Dirty oil DB tk S,2,2,1,5,-1
 #2 Genset Fuel Pump,3,1,1,5,0
#1 Wing Tank (S),1,0,3,4,3
M/E #5L Piston ,2,1,1,4,0
M/E #6B Exhaust Valve,2,2,0,4,-2
M/E #7 Intaxe Valves,1,2,1,4,-1
#2 ME F.O Supply pump,2,2,0,4,-2
#3 Deck Crane Hoist Gear Box,0,0,4,4,4
#3 mooring winch pump motor (S),0,2,2,4,0
Stern tube Drain tank,2,0,2,4,2
Slewing Pump No. 3,0,4,0,4,-4
Slewing Pump No. 2,0,4,0,4,-4
#4 mooring winch pump motor (P),0,2,2,4,0
#6 Side tank (s),3,1,0,4,-1
AAIC,0,3,1,4,-2
Side Ballast Tank (S),2,1,1,4,0
Side Ballast Tank (P),2,1,1,4,0
Sert. Nasional Pencegahan Pencemaran ( SNPP ),0,4,0,4,-4
Safety Management Certificate ( Sert. Manajemen Keselamatan ),1,3,0,4,-3
Safety Equipments,1,2,1,4,-1
"Ballast, Bilge and Fire Systems",2,0,2,4,2
Ballast Tank 4.01,2,2,0,4,-2
M/E #4B Exhaust Valve,2,2,0,4,-2
M/E# 1R Piston,2,2,0,4,-2
M/E Starting Valves,2,2,0,4,-2
M/E #5B Exhaust Valve,2,2,0,4,-2
M/E #5B Cylinder head,2,0,2,4,2
Ballast Tank 4.00,2,2,0,4,-2
Bilge Tanks,3,1,0,4,-1
Car Deck Bilge Well Non Return valve Fwd.S,2,2,0,4,-2
Car Deck Bilge Well Non Return valve Fwd.P,2,2,0,4,-2
STERN TUBE LO SUMP,3,0,1,4,1
Certficate ,0,4,0,4,-4
D.O. Service Tank no.1,0,3,1,4,-2
Purifier Slude tank,3,0,1,4,1
DRI W.T (P),3,0,1,4,1
M/E #2B Exhaust Valve,2,2,0,4,-2
M/E# 6R Piston,2,2,0,4,-2
M/E# 5R Piston,2,2,0,4,-2
M/E# 2R Piston,2,2,0,4,-2
M/E #3B Exhaust Valve,2,2,0,4,-2
M/E #3B Cylinder head,2,1,1,4,0
F.O./D.O. Transfer Pumps,1,3,0,4,-3
NO.5 SWB.TK (S),2,2,0,4,-2
NO.5 SWB.TK (P),2,2,0,4,-2
NO.4 SWB.TK (S),2,2,0,4,-2
NO.4 SWB.TK (P),2,2,0,4,-2
NO.3 SWB.TK (S),2,2,0,4,-2
NO.3 SWB.TK (P),2,2,0,4,-2
NO.2 SWB.TK (S),2,2,0,4,-2
NO.2 SWB.TK (P),2,2,0,4,-2
NO.1 SWB.TK (S),2,2,0,4,-2
NO.1 SWB.TK (P),2,2,0,4,-2
ME#2R Cylinder Liner,3,0,1,4,1
LO Sump. Tk (c),2,1,1,4,0
LUB OIL SLUDGE TK,3,1,0,4,-1
M/E #1L Piston ,3,1,0,4,-1
M/E #1B Exhaust Valve,2,2,0,4,-2
HLA Cargo Tank 5S,0,0,4,4,4
Main and Lifting Wire,4,0,0,4,0
Heeling Tank 2 (P),2,2,0,4,-2
Heavy Oil Service Tank 2,2,1,1,4,0
Main Air Compressor #3,3,1,0,4,-1
ME#6R Cylinder Liner,4,0,0,4,0
Hydraulic cylinder for Luffing ( Port side),4,0,0,4,0
Hydraulic Pump,1,3,0,4,-3
ME#6L Cylinder Liner,4,0,0,4,0
ME#5R Cylinder Liner,4,0,0,4,0
ME#5L Cylinder Liner,4,0,0,4,0
ME#4R Cylinder Liner,4,0,0,4,0
ME#4L Cylinder Liner,4,0,0,4,0
ME#3R Cylinder Liner,4,0,0,4,0
ME#3L Cylinder Liner,4,0,0,4,0
#1 D/G Engine Cyl.Head No.3,1,2,1,4,-1
#1 D/G Engine Cyl.Head No.2,1,2,1,4,-1
M/E Air Cooler Cleaning Pump,3,0,1,4,1
M/E #8 Intaxe Valves,2,2,0,4,-2
provision plant 2,2,2,0,4,-2
# 2 side tank (p),2,1,0,3,-1
# 2 side tank (s),2,1,0,3,-1
booster Unit,1,1,1,3,0
Top-Up Air Compressor Motor,0,2,1,3,-1
#1 Genset Cooling FW Pump,1,1,1,3,0
#1 Genset Fuel Pump,2,1,0,3,-1
#1 Fresh W. Tank (C),1,2,0,3,-2
#1 D/G Engine Cyl.Head No.1,1,1,1,3,0
"Maint., Clean Equipment, Workshop / Store Outfit",1,1,1,3,0
HLA Cargo Tank 4P,0,0,3,3,3
Heavy Oil Service Tank 1,2,0,1,3,1
Heavy Oil Settling Tank 1,2,0,1,3,1
Main Air Compressor #2,1,2,0,3,-2
L.O. Servis Tank,2,1,0,3,-1
Heavy Oil Settling Tank 2,2,0,1,3,1
Heeling Tank 2 (S),2,1,0,3,-1
Harbour (Port use) SW Pump 1 ,0,0,3,3,3
HLA Cargo Tank 5P,0,0,3,3,3
HLA Cargo tank 4S,0,0,3,3,3
D.O. Double Bottom Tank (S),1,2,0,3,-2
DRI W.T (S),2,0,1,3,1
RPK / RPT ( Rencana Penempatan Kapal ).,0,3,0,3,-3
M/E# 3R Piston,1,2,0,3,-2
M/E# 4R Piston,1,2,0,3,-2
"Fire, Bilge and G.S Motor",0,0,3,3,3
Galley Machinery,2,1,0,3,-1
G/E LO Sett. Tk (p),0,2,1,3,-1
L.O. Tanks,1,1,1,3,0
Luffing Pump No. 2,0,0,3,3,3
Luffing Piston Motor Fixed,3,0,0,3,0
D.O. Double Bottom Tank (P),1,2,0,3,-2
Deratting Exemption Certificate (Sertifikat Bebas Tikus),1,2,0,3,-2
M/E #2L Piston ,2,1,0,3,-1
AC SPLIT GANDRUM,0,2,1,3,-1
#4 Wing Tank (P),0,0,3,3,3
Steering Hyd Motor No.1,0,1,2,3,1
#6 Side tank (p),2,1,0,3,-1
Steering Hyd Motor No.2,0,1,2,3,1
M/E #4L Piston ,2,1,0,3,-1
#1 D/G Engine Cyl.Head No.4,0,2,1,3,-1
#2 Main Engine Jacket Cool F.W Pump,1,2,0,3,-2
#1 D/G Engine Cyl.Head No.6,0,2,1,3,-1
#1 Wing Tank (P),1,0,2,3,2
#1 S/T L.O Pump,0,3,0,3,-3
#2 Central Cool F.W Pump,2,0,1,3,1
M/E #6L Piston ,2,1,0,3,-1
#4 D/G Cooling FW Pump,1,2,0,3,-2
Surat Ijin Komunikasi Radio ( SIKR ),0,3,0,3,-3
Accomm. Ladders,3,0,0,3,0
Air Vent Head Void 1 Center,2,1,0,3,-1
Sea Water Pump for Trim,2,1,0,3,-1
M/E #3L Piston ,2,1,0,3,-1
Battery for starting,2,0,1,3,1
Certificate of Insurance,0,3,0,3,-3
Batterie Engine Thruster,0,1,2,3,1
Air Vent Head SWBT 5 Stbd,1,1,1,3,0
D.W.T (p),0,1,1,2,0
HT cooler,0,0,2,2,2
M/E #1B Starting Valve,0,2,0,2,-2
Heeling Tank 4 (S),1,1,0,2,-1
Heeling Tank 4 (P),1,1,0,2,-1
Fore Peak WBT ( P ),1,1,0,2,-1
D.W.T (s),0,1,1,2,0
D.O. Service Tank no.2,0,2,0,2,-2
DIRTY OIL PUMP,0,2,0,2,-2
M/E #2B Starting Valve,1,1,0,2,-1
Emergency Fire Motor,0,0,2,2,2
Feed Water Tank (s),2,0,0,2,0
FWT.C,1,1,0,2,-1
Fore Peak WBT ( S ),1,1,0,2,-1
Feed Water tank (p),2,0,0,2,0
G/E LO Store Tk (p),1,1,0,2,-1
M/E #3B Cylinder Cover,1,1,0,2,-1
"Fire, Bilge and Ballast Motor",0,1,1,2,0
#4 D/G L.O. Priming Pump,1,1,0,2,-1
#4 D/G MDO Feed Pump,1,1,0,2,-1
#4 D.W.B.T(s),0,1,1,2,0
#4 D/G Air Cooler,1,1,0,2,-1
M/E #6B Starting Valve,1,1,0,2,-1
Air Vent Head Void 5 Stbd,1,1,0,2,-1
Sertificate SART,1,1,0,2,-1
Air Vent Head Void 5 Port,1,1,0,2,-1
#4 U.W.B.T(p),0,1,1,2,0
Slewing Piston Motor Fixed 3,2,0,0,2,0
Slop Tk.,0,2,0,2,-2
#4 W.B.T.(C),1,1,0,2,-1
#5 F.O. Tank (P),1,1,0,2,-1
#5 F.O. Tank (C),1,1,0,2,-1
#5 F .W.B.T (s),0,1,1,2,0
#5 F.W.B.T (p),0,1,1,2,0
#5 A.W.B.T (s),0,1,1,2,0
#6 F.O. Tank (C),1,1,0,2,-1
#5 A.W.B.T (p),0,1,1,2,0
#4 U.W.B.T(s),0,1,1,2,0
M/E #4B Starting Valve,1,1,0,2,-1
M/E Pistons,1,1,0,2,-1
Shore Base Maintenance ( SBM ),0,1,1,2,0
Sertifikat Pemadam Kebakaran ,1,1,0,2,-1
#4 Wing Tank (S),0,0,2,2,2
M/E #4B Cylinder Cover,1,1,0,2,-1
M/E #3B Starting Valve,0,2,0,2,-2
M/E fuel pump,1,0,1,2,1
Sertifikat HRU Life Raft,1,1,0,2,-1
Document Of Compliance,1,1,0,2,-1
PURIFIER OPERATING WATER TK,0,2,0,2,-2
D.O. DAILY Tank 1,0,1,1,2,0
M/E #1B Cylinder Cover,1,1,0,2,-1
M/E #2B Cylinder Cover,1,1,0,2,-1
F.O./D.O. Purifiers,1,1,0,2,-1
F.W.T (p),2,0,0,2,0
L.O. Transfer Pumps,1,1,0,2,-1
Fuel Pump #B1,1,1,0,2,-1
Harbour (Port use) SW Motor 1,0,0,2,2,2
Harbour (port Use) SW Motor 2,0,1,1,2,0
Hoist Pump Variable TSUJI,0,0,2,2,2
Harbour SW Pump,1,0,1,2,1
Hydraulic cylinder for luffing(starboard side),2,0,0,2,0
Hydraulic cylinder for Luffing ( Starboard side),2,0,0,2,0
Hydraulic Pump Hatch Cover,0,2,0,2,-2
Hydraulic System,2,0,0,2,0
#1 Ramp Hyd Motor,2,0,0,2,0
L.O Trans. Pump,0,2,0,2,-2
# 3 Side tank(s),1,1,0,2,-1
# 2 F.W.B.T(s),0,1,1,2,0
# 2 F.W.B.T(p),0,1,1,2,0
# 2 F.O.T (s),1,0,1,2,1
WBT. P,1,1,0,2,-1
#1 Central Cool F.W Pump,0,1,1,2,0
 #2 Genset Cooling FW Pump,0,1,1,2,0
WBT. S,1,1,0,2,-1
#2 A.W.B.T(s),0,1,1,2,0
#1 W.B.T.(P)(up),1,1,0,2,-1
#1 Central C.F.W Cooler,0,0,2,2,2
#2 A.W.B.T(p),0,1,1,2,0
M/E #6B Cylinder Cover,1,1,0,2,-1
M/E #5B Starting Valve,0,1,1,2,0
M/E L.O Circulation Tank ( P ),1,1,0,2,-1
M/E L.O Circulation Tank ( S ),1,1,0,2,-1
#3 D.W.B.T(s),0,1,1,2,0
Stuffing box #8,0,2,0,2,-2
#3 Side Tank (p),1,1,0,2,-1
#4 Deck Crane Luffing Gear Box,0,2,0,2,-2
Tk no 605 / MDO Day serv tk emerg,1,0,1,2,1
#2 F.O. Tank (STB),0,2,0,2,-2
#1 W.B.T.(S)(up),1,1,0,2,-1
Certificate Anti Fouling,0,2,0,2,-2
#4 D.W.B.T(p),0,1,1,2,0
#3 D.W.B.T(p),0,1,1,2,0
#2 F.O.T (p),1,0,1,2,1
Sertifikat Life Raft,1,1,0,2,-1
Air Vent Head Void 4 Port,1,1,0,2,-1
Sert. Dana Jaminan ganti Rugi Pencemaran Minyak,0,1,1,2,0
Certificate EPIRB,1,1,0,2,-1
Compass Deviation Card,1,1,0,2,-1
Car/Cargo Holds,2,0,0,2,0
M/E #5B Cylinder Cover,1,1,0,2,-1
Car Deck Bilge Well Non Return Valve Fwd.C,2,0,0,2,0
LO Acumulation Tk.,0,1,0,1,-1
L.O Trans. Pump Motor,0,1,0,1,-1
Jigger Cyl Hyd Motor,1,0,0,1,0
#1 D/G Fuel Injection Pump No.3,0,1,0,1,-1
#1 D/G Fuel Injection Pump No.5,0,1,0,1,-1
#1 D/G Fuel Injection Pump No.2,0,1,0,1,-1
#1 G/E F.O Booster pump,0,1,0,1,-1
#1 Genset Lub. Oil Pump,1,0,0,1,0
#1 Genset Lub. Oil Cooler,1,0,0,1,0
#1 Main Cooling F.W. pump,0,0,1,1,1
 #2 Genset Lub. Oil Pump,1,0,0,1,0
 #2 Genset Lub. Oil Cooler,1,0,0,1,0
# 4 D. F.O.T (p),1,0,0,1,0
# 4 D.F.O.T (s),1,0,0,1,0
magnetron-JRC-JMA 9133-SA M1555,1,0,0,1,0
radar transponder,0,1,0,1,-1
#1 Main C.F.W. pump motor ,0,0,1,1,1
Harbour (port Use) SW Pump 2,0,1,0,1,-1
Hot Water Circ. Pumps,0,1,0,1,-1
Main Engine Tk/TB,0,0,1,1,1
IOPP ( International Pollution Prevention ),1,0,0,1,0
Lifting and Transport Eqpt,0,1,0,1,-1
Lifting Wire,1,0,0,1,0
M/E #1R Crank Pins,0,0,1,1,1
"Life Saving, Protection",0,1,0,1,-1
Exhaust Valve Driving Gear Upper-Lower,0,1,0,1,-1
F.W.T (s),1,0,0,1,0
Feed / Circ. Pumps,1,0,0,1,0
Magnetron 1,1,0,0,1,0
Mechanical Control Gear,0,1,0,1,-1
HFO Storage Tank 0.01,1,0,0,1,0
HFO Storage Tank 0.02,1,0,0,1,0
M/E #1L Crank Pins ,0,0,1,1,1
D.O. Tank (B.S),0,1,0,1,-1
D.O. Tank (B.P),0,1,0,1,-1
Ref.Machine Cool.S.W.Pump,0,1,0,1,-1
D.O. DAILY Tank 2,0,1,0,1,-1
DIESEL GEN FO  SETLING T,0,1,0,1,-1
DIESEL GEN  FO SERVICE T,0,1,0,1,-1
Puri. Sludge Tk (s),1,0,0,1,0
ROCK ARM MEASURING TK,0,1,0,1,-1
M/E #2R Crank Pins,0,0,1,1,1
F.O./D.O. Filters,1,0,0,1,0
EQUIPMENT FOR CREW,0,1,0,1,-1
M/E #2L Crank Pins ,0,0,1,1,1
Drain/Waste Tanks,0,1,0,1,-1
F.O. Side Tank (P),0,1,0,1,-1
F.O. Side Tank (S),0,1,0,1,-1
M/E #3R Crank Pins,0,0,1,1,1
PT pump ,1,0,0,1,0
PT Pump ,1,0,0,1,0
Flap Wire For Stern Ramp,0,1,0,1,-1
Cargo Tank No.4S,0,0,1,1,1
Cyl Oil Store Tk (p),1,0,0,1,0
Certificates,1,0,0,1,0
Communication Equipment,0,1,0,1,-1
STUFFING BOX LEAK TK,0,1,0,1,-1
Cargo Tank No.5P,0,0,1,1,1
Cargo Tank No.5S,0,0,1,1,1
Cargo Tank No.4P,0,0,1,1,1
M/E #4L Crank Pins,0,0,1,1,1
M/E #4R Crank Pins,0,0,1,1,1
M/E #3L Crank Pins,0,0,1,1,1
Ballast Water Management Certificate,0,1,0,1,-1
Sert. Dana Jaminan Ganti Rugi Wreck Removal,0,1,0,1,-1
#4 D.O.T (c),1,0,0,1,0
#4 F.O.T(p),1,0,0,1,0
#4 F.O.T (s),1,0,0,1,0
AC Portable Office Room,0,0,1,1,1
Supply Unit,1,0,0,1,0
#2 Main Cooling F.W. pump,0,1,0,1,-1
M/E Intake Valves,0,1,0,1,-1
#2 S/T L.O Pump ,0,1,0,1,-1
#3 F.F.O.T(p),1,0,0,1,0
#4 D/G Lub. Oil Cooler,0,1,0,1,-1
#4 D/G Lub. Oil Pump,0,1,0,1,-1
#3 F.F.O.T(s),1,0,0,1,0
#3 A.F.O.T(s),1,0,0,1,0
#3 A.F.O.T(p),1,0,0,1,0
#2 Ramp Hyd Motor,1,0,0,1,0
#3 Central Cool F.W Pump,1,0,0,1,0
M/E LO Store Tk (p),1,0,0,1,0
M/E LO Sett. Tk (p),1,0,0,1,0
TK no 704/ LO sternt/gear aux engine,0,0,1,1,1
TK no 705/ HO stering gear,0,0,1,1,1
#2 Cross Head L.O Pump,0,1,0,1,-1
M/E #5L Crank Pins,0,0,1,1,1
M/E #5R Crank Pins,0,0,1,1,1
#2 G/E F.O Booster pump,0,1,0,1,-1
M/E #6L Crank Pins,0,0,1,1,1
M/E #6R Crank Pins,0,0,1,1,1
#2 CPP L.O. Pump,0,1,0,1,-1
T/C LUB OIL SUMP TK,0,1,0,1,-1
#1 D/G Engine Cyl.Head No.5,0,0,1,1,1
#1 Servo Oil Pump,1,0,0,1,0
#1 CPP L.O. Pump,0,1,0,1,-1
#1 D/G Fuel Injection Pump No.1,0,1,0,1,-1
